{
    "name": "root",
    "gauges": {
        "MoveToTargetAgent.Policy.Entropy.mean": {
            "value": 0.8401532769203186,
            "min": 0.8401532769203186,
            "max": 1.4237183332443237,
            "count": 161
        },
        "MoveToTargetAgent.Policy.Entropy.sum": {
            "value": 4264.6181640625,
            "min": 4117.75634765625,
            "max": 7670.994140625,
            "count": 161
        },
        "MoveToTargetAgent.Environment.EpisodeLength.mean": {
            "value": 36.5187969924812,
            "min": 15.692307692307692,
            "max": 75.16923076923077,
            "count": 161
        },
        "MoveToTargetAgent.Environment.EpisodeLength.sum": {
            "value": 4857.0,
            "min": 4663.0,
            "max": 5138.0,
            "count": 161
        },
        "MoveToTargetAgent.Step.mean": {
            "value": 804993.0,
            "min": 4974.0,
            "max": 804993.0,
            "count": 161
        },
        "MoveToTargetAgent.Step.sum": {
            "value": 804993.0,
            "min": 4974.0,
            "max": 804993.0,
            "count": 161
        },
        "MoveToTargetAgent.Policy.ExtrinsicValueEstimate.mean": {
            "value": 9.203001022338867,
            "min": -4.9885053634643555,
            "max": 10.633636474609375,
            "count": 161
        },
        "MoveToTargetAgent.Policy.ExtrinsicValueEstimate.sum": {
            "value": 1288.420166015625,
            "min": -741.5241088867188,
            "max": 1412.3271484375,
            "count": 161
        },
        "MoveToTargetAgent.Environment.CumulativeReward.mean": {
            "value": 8.605952895449516,
            "min": -7.136586933765772,
            "max": 10.409977562543823,
            "count": 161
        },
        "MoveToTargetAgent.Environment.CumulativeReward.sum": {
            "value": 1144.5917350947857,
            "min": -1042.6578641533852,
            "max": 1281.2587082386017,
            "count": 161
        },
        "MoveToTargetAgent.Policy.ExtrinsicReward.mean": {
            "value": 8.605952895449516,
            "min": -7.136586933765772,
            "max": 10.409977562543823,
            "count": 161
        },
        "MoveToTargetAgent.Policy.ExtrinsicReward.sum": {
            "value": 1144.5917350947857,
            "min": -1042.6578641533852,
            "max": 1281.2587082386017,
            "count": 161
        },
        "MoveToTargetAgent.Losses.PolicyLoss.mean": {
            "value": 0.13382697450264153,
            "min": 0.11580631600543397,
            "max": 0.14647401451381242,
            "count": 161
        },
        "MoveToTargetAgent.Losses.PolicyLoss.sum": {
            "value": 2.4088855410475474,
            "min": 2.079969479267796,
            "max": 2.6979874328244478,
            "count": 161
        },
        "MoveToTargetAgent.Losses.ValueLoss.mean": {
            "value": 5.348513409581204,
            "min": 0.3441078487736482,
            "max": 11.177114338786513,
            "count": 161
        },
        "MoveToTargetAgent.Losses.ValueLoss.sum": {
            "value": 96.27324137246167,
            "min": 6.193941277925668,
            "max": 201.18805809815723,
            "count": 161
        },
        "MoveToTargetAgent.Policy.LearningRate.mean": {
            "value": 0.00017961804012733338,
            "min": 0.00017961804012733338,
            "max": 0.0002996191413034235,
            "count": 161
        },
        "MoveToTargetAgent.Policy.LearningRate.sum": {
            "value": 0.003233124722292001,
            "min": 0.00310461171512965,
            "max": 0.005564607645130798,
            "count": 161
        },
        "MoveToTargetAgent.Policy.Epsilon.mean": {
            "value": 0.15987266666666666,
            "min": 0.15987266666666666,
            "max": 0.1998730470588235,
            "count": 161
        },
        "MoveToTargetAgent.Policy.Epsilon.sum": {
            "value": 2.877708,
            "min": 2.73487035,
            "max": 3.7548692000000004,
            "count": 161
        },
        "MoveToTargetAgent.Policy.Beta.mean": {
            "value": 0.0029976460666666666,
            "min": 0.0029976460666666666,
            "max": 0.004993665048235294,
            "count": 161
        },
        "MoveToTargetAgent.Policy.Beta.sum": {
            "value": 0.0539576292,
            "min": 0.05181003046500001,
            "max": 0.09274797308,
            "count": 161
        },
        "MoveToTargetAgent.IsTraining.mean": {
            "value": 1.0,
            "min": 1.0,
            "max": 1.0,
            "count": 161
        },
        "MoveToTargetAgent.IsTraining.sum": {
            "value": 1.0,
            "min": 1.0,
            "max": 1.0,
            "count": 161
        }
    },
    "metadata": {
        "timer_format_version": "0.1.0",
        "start_time_seconds": "1734518282",
        "python_version": "3.9.13 (tags/v3.9.13:6de2ca5, May 17 2022, 16:36:42) [MSC v.1929 64 bit (AMD64)]",
        "command_line_arguments": "C:\\Users\\Ansgar\\Desktop\\ML-Agents-Project-IA-2024\\venv\\Scripts\\mlagents-learn trainer_config.yaml --run-id=3 --force",
        "mlagents_version": "0.30.0",
        "mlagents_envs_version": "0.30.0",
        "communication_protocol_version": "1.5.0",
        "pytorch_version": "2.5.1+cpu",
        "numpy_version": "1.21.2",
        "end_time_seconds": "1734518898"
    },
    "total": 616.0236661,
    "count": 1,
    "self": 0.004562100000043756,
    "children": {
        "run_training.setup": {
            "total": 0.04142329999999994,
            "count": 1,
            "self": 0.04142329999999994
        },
        "TrainerController.start_learning": {
            "total": 615.9776807,
            "count": 1,
            "self": 0.838902899998061,
            "children": {
                "TrainerController._reset_env": {
                    "total": 22.644584000000002,
                    "count": 1,
                    "self": 22.644584000000002
                },
                "TrainerController.advance": {
                    "total": 592.4588875000019,
                    "count": 89463,
                    "self": 0.733886100009272,
                    "children": {
                        "env_step": {
                            "total": 346.6819509000011,
                            "count": 89463,
                            "self": 316.4123982999945,
                            "children": {
                                "SubprocessEnvManager._take_step": {
                                    "total": 29.771249500007244,
                                    "count": 89463,
                                    "self": 2.219370100007012,
                                    "children": {
                                        "TorchPolicy.evaluate": {
                                            "total": 27.55187940000023,
                                            "count": 67477,
                                            "self": 27.55187940000023
                                        }
                                    }
                                },
                                "workers": {
                                    "total": 0.4983030999993723,
                                    "count": 89462,
                                    "self": 0.0,
                                    "children": {
                                        "worker_root": {
                                            "total": 531.5426206999955,
                                            "count": 89462,
                                            "is_parallel": true,
                                            "self": 323.0116903000003,