{
    "name": "root",
    "gauges": {
        "MoveToTargetAgent.Policy.Entropy.mean": {
            "value": 0.7309896349906921,
            "min": 0.7309896349906921,
            "max": 0.7309896349906921,
            "count": 1
        },
        "MoveToTargetAgent.Policy.Entropy.sum": {
            "value": 2518.990234375,
            "min": 2518.990234375,
            "max": 2518.990234375,
            "count": 1
        },
        "MoveToTargetAgent.Step.mean": {
            "value": 1459961.0,
            "min": 1459961.0,
            "max": 1459961.0,
            "count": 1
        },
        "MoveToTargetAgent.Step.sum": {
            "value": 1459961.0,
            "min": 1459961.0,
            "max": 1459961.0,
            "count": 1
        },
        "MoveToTargetAgent.Policy.ExtrinsicValueEstimate.mean": {
            "value": -2.6883411407470703,
            "min": -2.6883411407470703,
            "max": -2.6883411407470703,
            "count": 1
        },
        "MoveToTargetAgent.Policy.ExtrinsicValueEstimate.sum": {
            "value": -174.74217224121094,
            "min": -174.74217224121094,
            "max": -174.74217224121094,
            "count": 1
        },
        "MoveToTargetAgent.Environment.EpisodeLength.mean": {
            "value": 142.58333333333334,
            "min": 142.58333333333334,
            "max": 142.58333333333334,
            "count": 1
        },
        "MoveToTargetAgent.Environment.EpisodeLength.sum": {
            "value": 3422.0,
            "min": 3422.0,
            "max": 3422.0,
            "count": 1
        },
        "MoveToTargetAgent.Environment.CumulativeReward.mean": {
            "value": -8.171673240868941,
            "min": -8.171673240868941,
            "max": -8.171673240868941,
            "count": 1
        },
        "MoveToTargetAgent.Environment.CumulativeReward.sum": {
            "value": -187.94848453998566,
            "min": -187.94848453998566,
            "max": -187.94848453998566,
            "count": 1
        },
        "MoveToTargetAgent.Policy.ExtrinsicReward.mean": {
            "value": -8.171673240868941,
            "min": -8.171673240868941,
            "max": -8.171673240868941,
            "count": 1
        },
        "MoveToTargetAgent.Policy.ExtrinsicReward.sum": {
            "value": -187.94848453998566,
            "min": -187.94848453998566,
            "max": -187.94848453998566,
            "count": 1
        },
        "MoveToTargetAgent.Losses.PolicyLoss.mean": {
            "value": 0.12110918404586198,
            "min": 0.12110918404586198,
            "max": 0.12110918404586198,
            "count": 1
        },
        "MoveToTargetAgent.Losses.PolicyLoss.sum": {
            "value": 1.4533102085503438,
            "min": 1.4533102085503438,
            "max": 1.4533102085503438,
            "count": 1
        },
        "MoveToTargetAgent.Losses.ValueLoss.mean": {
            "value": 0.4172157119545672,
            "min": 0.4172157119545672,
            "max": 0.4172157119545672,
            "count": 1
        },
        "MoveToTargetAgent.Losses.ValueLoss.sum": {
            "value": 5.006588543454806,
            "min": 5.006588543454806,
            "max": 5.006588543454806,
            "count": 1
        },
        "MoveToTargetAgent.Policy.LearningRate.mean": {
            "value": 8.12560229146833e-05,
            "min": 8.12560229146833e-05,
            "max": 8.12560229146833e-05,
            "count": 1
        },
        "MoveToTargetAgent.Policy.LearningRate.sum": {
            "value": 0.0009750722749761997,
            "min": 0.0009750722749761997,
            "max": 0.0009750722749761997,
            "count": 1
        },
        "MoveToTargetAgent.Policy.Epsilon.mean": {
            "value": 0.1270853166666667,
            "min": 0.1270853166666667,
            "max": 0.1270853166666667,
            "count": 1
        },
        "MoveToTargetAgent.Policy.Epsilon.sum": {
            "value": 1.5250238000000003,
            "min": 1.5250238000000003,
            "max": 1.5250238000000003,
            "count": 1
        },
        "MoveToTargetAgent.Policy.Beta.mean": {
            "value": 0.0013615573016666667,
            "min": 0.0013615573016666667,
            "max": 0.0013615573016666667,
            "count": 1
        },
        "MoveToTargetAgent.Policy.Beta.sum": {
            "value": 0.01633868762,
            "min": 0.01633868762,
            "max": 0.01633868762,
            "count": 1
        },
        "MoveToTargetAgent.IsTraining.mean": {
            "value": 1.0,
            "min": 1.0,
            "max": 1.0,
            "count": 1
        },
        "MoveToTargetAgent.IsTraining.sum": {
            "value": 1.0,
            "min": 1.0,
            "max": 1.0,
            "count": 1
        }
    },
    "metadata": {
        "timer_format_version": "0.1.0",
        "start_time_seconds": "1737984269",
        "python_version": "3.9.13 (tags/v3.9.13:6de2ca5, May 17 2022, 16:36:42) [MSC v.1929 64 bit (AMD64)]",
        "command_line_arguments": "C:\\Users\\Ansgar\\Desktop\\ML-Agents-Project-IA-2024\\venv\\Scripts\\mlagents-learn trainer_config.yaml --torch-device cuda --run-id=3 --resume",
        "mlagents_version": "0.30.0",
        "mlagents_envs_version": "0.30.0",
        "communication_protocol_version": "1.5.0",
        "pytorch_version": "1.13.1+cu116",
        "numpy_version": "1.21.2",
        "end_time_seconds": "1737984369"
    },
    "total": 99.2179159,
    "count": 1,
    "self": 0.0023511999999925592,
    "children": {
        "run_training.setup": {
            "total": 0.044397300000000084,
            "count": 1,
            "self": 0.044397300000000084
        },
        "TrainerController.start_learning": {
            "total": 99.1711674,
            "count": 1,
            "self": 0.07220009999993238,
            "children": {
                "TrainerController._reset_env": {
                    "total": 5.030731299999999,
                    "count": 1,
                    "self": 5.030731299999999
                },
                "TrainerController.advance": {
                    "total": 93.85268280000007,
                    "count": 6746,
                    "self": 0.06711670000005654,
                    "children": {
                        "env_step": {
                            "total": 87.33931629999991,
                            "count": 6746,
                            "self": 73.0114551000001,
                            "children": {
                                "SubprocessEnvManager._take_step": {
                                    "total": 14.28090269999996,
                                    "count": 6746,
                                    "self": 0.24304609999998306,
                                    "children": {
                                        "TorchPolicy.evaluate": {
                                            "total": 14.037856599999976,
                                            "count": 6694,
                                            "self": 14.037856599999976
                                        }
                                    }
                                },
                                "workers": {
                                    "total": 0.0469584999998407,
                                    "count": 6745,
                                    "self": 0.0,
                                    "children": {
                                        "worker_root": {
                                            "total": 33.61556410000003,
                                            "count": 6745,
                                            "is_parallel": true,
                                            "self": 24.93393560000006,