{
    "name": "root",
    "gauges": {
        "MoveToTarget.Policy.Entropy.mean": {
            "value": 1.414642095565796,
            "min": 1.414642095565796,
            "max": 1.414642095565796,
            "count": 1
        },
        "MoveToTarget.Policy.Entropy.sum": {
            "value": 71467.71875,
            "min": 71467.71875,
            "max": 71467.71875,
            "count": 1
        },
        "MoveToTarget.Environment.EpisodeLength.mean": {
            "value": 46.84519230769231,
            "min": 46.84519230769231,
            "max": 46.84519230769231,
            "count": 1
        },
        "MoveToTarget.Environment.EpisodeLength.sum": {
            "value": 48719.0,
            "min": 48719.0,
            "max": 48719.0,
            "count": 1
        },
        "MoveToTarget.Step.mean": {
            "value": 49951.0,
            "min": 49951.0,
            "max": 49951.0,
            "count": 1
        },
        "MoveToTarget.Step.sum": {
            "value": 49951.0,
            "min": 49951.0,
            "max": 49951.0,
            "count": 1
        },
        "MoveToTarget.Policy.ExtrinsicValueEstimate.mean": {
            "value": -1.8816547393798828,
            "min": -1.8816547393798828,
            "max": -1.8816547393798828,
            "count": 1
        },
        "MoveToTarget.Policy.ExtrinsicValueEstimate.sum": {
            "value": -2525.1806640625,
            "min": -2525.1806640625,
            "max": -2525.1806640625,
            "count": 1
        },
        "MoveToTarget.Environment.CumulativeReward.mean": {
            "value": -4.094268999592616,
            "min": -4.094268999592616,
            "max": -4.094268999592616,
            "count": 1
        },
        "MoveToTarget.Environment.CumulativeReward.sum": {
            "value": -4258.039759576321,
            "min": -4258.039759576321,
            "max": -4258.039759576321,
            "count": 1
        },
        "MoveToTarget.Policy.ExtrinsicReward.mean": {
            "value": -4.094268999592616,
            "min": -4.094268999592616,
            "max": -4.094268999592616,
            "count": 1
        },
        "MoveToTarget.Policy.ExtrinsicReward.sum": {
            "value": -4258.039759576321,
            "min": -4258.039759576321,
            "max": -4258.039759576321,
            "count": 1
        },
        "MoveToTarget.Losses.PolicyLoss.mean": {
            "value": 0.028760222528944723,
            "min": 0.028760222528944723,
            "max": 0.028760222528944723,
            "count": 1
        },
        "MoveToTarget.Losses.PolicyLoss.sum": {
            "value": 0.1150408901157789,
            "min": 0.1150408901157789,
            "max": 0.1150408901157789,
            "count": 1
        },
        "MoveToTarget.Losses.ValueLoss.mean": {
            "value": 0.17385559817776086,
            "min": 0.17385559817776086,
            "max": 0.17385559817776086,
            "count": 1
        },
        "MoveToTarget.Losses.ValueLoss.sum": {
            "value": 0.6954223927110434,
            "min": 0.6954223927110434,
            "max": 0.6954223927110434,
            "count": 1
        },
        "MoveToTarget.Policy.LearningRate.mean": {
            "value": 0.00028459755513415,
            "min": 0.00028459755513415,
            "max": 0.00028459755513415,
            "count": 1
        },
        "MoveToTarget.Policy.LearningRate.sum": {
            "value": 0.0011383902205366,
            "min": 0.0011383902205366,
            "max": 0.0011383902205366,
            "count": 1
        },
        "MoveToTarget.Policy.Epsilon.mean": {
            "value": 0.19486584999999995,
            "min": 0.19486584999999995,
            "max": 0.19486584999999995,
            "count": 1
        },
        "MoveToTarget.Policy.Epsilon.sum": {
            "value": 0.7794633999999998,
            "min": 0.7794633999999998,
            "max": 0.7794633999999998,
            "count": 1
        },
        "MoveToTarget.Policy.Beta.mean": {
            "value": 0.004743805915,
            "min": 0.004743805915,
            "max": 0.004743805915,
            "count": 1
        },
        "MoveToTarget.Policy.Beta.sum": {
            "value": 0.01897522366,
            "min": 0.01897522366,
            "max": 0.01897522366,
            "count": 1
        },
        "MoveToTarget.IsTraining.mean": {
            "value": 1.0,
            "min": 1.0,
            "max": 1.0,
            "count": 1
        },
        "MoveToTarget.IsTraining.sum": {
            "value": 1.0,
            "min": 1.0,
            "max": 1.0,
            "count": 1
        }
    },
    "metadata": {
        "timer_format_version": "0.1.0",
        "start_time_seconds": "1732016259",
        "python_version": "3.9.13 (tags/v3.9.13:6de2ca5, May 17 2022, 16:36:42) [MSC v.1929 64 bit (AMD64)]",
        "command_line_arguments": "C:\\Users\\Ansgar\\Desktop\\ML-Agents-Project-IA-2024\\venv\\Scripts\\mlagents-learn --run-id=1 --force",
        "mlagents_version": "0.30.0",
        "mlagents_envs_version": "0.30.0",
        "communication_protocol_version": "1.5.0",
        "pytorch_version": "2.5.1+cpu",
        "numpy_version": "1.21.2",
        "end_time_seconds": "1732016340"
    },
    "total": 80.72668420000001,
    "count": 1,
    "self": 0.0023542000000134067,
    "children": {
        "run_training.setup": {
            "total": 0.011057000000000095,
            "count": 1,
            "self": 0.011057000000000095
        },
        "TrainerController.start_learning": {
            "total": 80.713273,
            "count": 1,
            "self": 0.07942909999992764,
            "children": {
                "TrainerController._reset_env": {
                    "total": 22.1415404,
                    "count": 1,
                    "self": 22.1415404
                },
                "TrainerController.advance": {
                    "total": 58.43620000000006,
                    "count": 5915,
                    "self": 0.07289979999961815,
                    "children": {
                        "env_step": {
                            "total": 40.977314700000136,
                            "count": 5915,
                            "self": 37.99999739999956,
                            "children": {
                                "SubprocessEnvManager._take_step": {
                                    "total": 2.930923100000264,
                                    "count": 5915,
                                    "self": 0.1975097000001398,
                                    "children": {
                                        "TorchPolicy.evaluate": {
                                            "total": 2.7334134000001242,
                                            "count": 4331,
                                            "self": 2.7334134000001242
                                        }
                                    }
                                },
                                "workers": {
                                    "total": 0.046394200000314356,
                                    "count": 5914,
                                    "self": 0.0,
                                    "children": {
                                        "worker_root": {
                                            "total": 52.04967700000004,
                                            "count": 5914,
                                            "is_parallel": true,
                                            "self": 26.351082699999957,
                                            "children": {
                                                "steps_from_proto": {
                                                    "total": 0.00037060000000010973,
                                                    "count": 1,
                                                    "is_parallel": true,