{
    "name": "root",
    "gauges": {
        "MoveToTargetAgent.Policy.Entropy.mean": {
            "value": 1.241083025932312,
            "min": 1.2410755157470703,
            "max": 1.369097352027893,
            "count": 19
        },
        "MoveToTargetAgent.Policy.Entropy.sum": {
            "value": 6299.7373046875,
            "min": 5503.771484375,
            "max": 6848.3603515625,
            "count": 19
        },
        "MoveToTargetAgent.Environment.EpisodeLength.mean": {
            "value": 18.583333333333332,
            "min": 14.619496855345911,
            "max": 21.73181818181818,
            "count": 19
        },
        "MoveToTargetAgent.Environment.EpisodeLength.sum": {
            "value": 4683.0,
            "min": 3554.0,
            "max": 4805.0,
            "count": 19
        },
        "MoveToTargetAgent.Step.mean": {
            "value": 124999.0,
            "min": 34998.0,
            "max": 124999.0,
            "count": 19
        },
        "MoveToTargetAgent.Step.sum": {
            "value": 124999.0,
            "min": 34998.0,
            "max": 124999.0,
            "count": 19
        },
        "MoveToTargetAgent.Policy.ExtrinsicValueEstimate.mean": {
            "value": -1.9855773448944092,
            "min": -2.5450077056884766,
            "max": -1.630897045135498,
            "count": 19
        },
        "MoveToTargetAgent.Policy.ExtrinsicValueEstimate.sum": {
            "value": -508.30780029296875,
            "min": -811.3412475585938,
            "max": -380.59686279296875,
            "count": 19
        },
        "MoveToTargetAgent.Environment.CumulativeReward.mean": {
            "value": -3.194681194931151,
            "min": -3.70496068872171,
            "max": -3.0261120922092735,
            "count": 19
        },
        "MoveToTargetAgent.Environment.CumulativeReward.sum": {
            "value": -808.2543423175812,
            "min": -1145.9723570942879,
            "max": -699.5966549515724,
            "count": 19
        },
        "MoveToTargetAgent.Policy.ExtrinsicReward.mean": {
            "value": -3.194681194931151,
            "min": -3.70496068872171,
            "max": -3.0261120922092735,
            "count": 19
        },
        "MoveToTargetAgent.Policy.ExtrinsicReward.sum": {
            "value": -808.2543423175812,
            "min": -1145.9723570942879,
            "max": -699.5966549515724,
            "count": 19
        },
        "MoveToTargetAgent.Losses.PolicyLoss.mean": {
            "value": 0.13530945104504688,
            "min": 0.12188819958578764,
            "max": 0.1392649293476198,
            "count": 19
        },
        "MoveToTargetAgent.Losses.PolicyLoss.sum": {
            "value": 2.435570118810844,
            "min": 1.7158547704306395,
            "max": 2.5067687282571565,
            "count": 19
        },
        "MoveToTargetAgent.Losses.ValueLoss.mean": {
            "value": 0.6670264516623667,
            "min": 0.47347464570031295,
            "max": 1.1576309597379717,
            "count": 19
        },
        "MoveToTargetAgent.Losses.ValueLoss.sum": {
            "value": 12.006476129922602,
            "min": 8.996018268305946,
            "max": 17.65992325199423,
            "count": 19
        },
        "MoveToTargetAgent.Policy.LearningRate.mean": {
            "value": 0.0002816282477905861,
            "min": 0.0002816282477905861,
            "max": 0.00029502890934933836,
            "count": 19
        },
        "MoveToTargetAgent.Policy.LearningRate.sum": {
            "value": 0.00506930846023055,
            "min": 0.003835375821541399,
            "max": 0.005593065485644849,
            "count": 19
        },
        "MoveToTargetAgent.Policy.Epsilon.mean": {
            "value": 0.19387608055555555,
            "min": 0.19387608055555555,
            "max": 0.19834296923076924,
            "count": 19
        },
        "MoveToTargetAgent.Policy.Epsilon.sum": {
            "value": 3.48976945,
            "min": 2.5784586000000003,
            "max": 3.76435515,
            "count": 19
        },
        "MoveToTargetAgent.Policy.Beta.mean": {
            "value": 0.004694416419722223,
            "min": 0.004694416419722223,
            "max": 0.004917314164615385,
            "count": 19
        },
        "MoveToTargetAgent.Policy.Beta.sum": {
            "value": 0.08449949555500001,
            "min": 0.06392508414,
            "max": 0.093221321985,
            "count": 19
        },
        "MoveToTargetAgent.IsTraining.mean": {
            "value": 1.0,
            "min": 1.0,
            "max": 1.0,
            "count": 19
        },
        "MoveToTargetAgent.IsTraining.sum": {
            "value": 1.0,
            "min": 1.0,
            "max": 1.0,
            "count": 19
        }
    },
    "metadata": {
        "timer_format_version": "0.1.0",
        "start_time_seconds": "1737981767",
        "python_version": "3.9.13 (tags/v3.9.13:6de2ca5, May 17 2022, 16:36:42) [MSC v.1929 64 bit (AMD64)]",
        "command_line_arguments": "C:\\Users\\Ansgar\\Desktop\\ML-Agents-Project-IA-2024\\venv\\Scripts\\mlagents-learn trainer_config.yaml --torch-device cpu --run-id=1 --resume",
        "mlagents_version": "0.30.0",
        "mlagents_envs_version": "0.30.0",
        "communication_protocol_version": "1.5.0",
        "pytorch_version": "1.13.1+cu116",
        "numpy_version": "1.21.2",
        "end_time_seconds": "1737981983"
    },
    "total": 215.69453090000002,
    "count": 1,
    "self": 0.004874900000032767,
    "children": {
        "run_training.setup": {
            "total": 0.04329799999999995,
            "count": 1,
            "self": 0.04329799999999995
        },
        "TrainerController.start_learning": {
            "total": 215.646358,
            "count": 1,
            "self": 0.10222570000024689,
            "children": {
                "TrainerController._reset_env": {
                    "total": 8.8113858,
                    "count": 1,
                    "self": 8.8113858
                },
                "TrainerController.advance": {
                    "total": 206.64287529999976,
                    "count": 11872,
                    "self": 0.0835541000002138,
                    "children": {
                        "env_step": {
                            "total": 109.0111385999998,
                            "count": 11872,
                            "self": 105.92670919999874,
                            "children": {
                                "SubprocessEnvManager._take_step": {
                                    "total": 3.0279359000010064,
                                    "count": 11872,
                                    "self": 0.23677390000080045,
                                    "children": {
                                        "TorchPolicy.evaluate": {
                                            "total": 2.791162000000206,
                                            "count": 8067,
                                            "self": 2.791162000000206
                                        }
                                    }
                                },
                                "workers": {
                                    "total": 0.056493500000049934,
                                    "count": 11871,
                                    "self": 0.0,
                                    "children": {
                                        "worker_root": {
                                            "total": 145.94363120000062,
                                            "count": 11871,
                                            "is_parallel": true,
                                            "self": 106.0224549000001,