{
    "name": "root",
    "metadata": {
        "timer_format_version": "0.1.0",
        "start_time_seconds": "1737982377",
        "python_version": "3.9.13 (tags/v3.9.13:6de2ca5, May 17 2022, 16:36:42) [MSC v.1929 64 bit (AMD64)]",
        "command_line_arguments": "C:\\Users\\Ansgar\\Desktop\\ML-Agents-Project-IA-2024\\venv\\Scripts\\mlagents-learn trainer_config.yaml --torch-device cuda --run-id=2 --resume",
        "mlagents_version": "0.30.0",
        "mlagents_envs_version": "0.30.0",
        "communication_protocol_version": "1.5.0",
        "pytorch_version": "1.13.1+cu116",
        "numpy_version": "1.21.2",
        "end_time_seconds": "1737982387"
    },
    "total": 9.807020300000001,
    "count": 1,
    "self": 0.00358300000000078,
    "children": {
        "run_training.setup": {
            "total": 0.04756210000000005,
            "count": 1,
            "self": 0.04756210000000005
        },
        "TrainerController.start_learning": {
            "total": 9.7558752,
            "count": 1,
            "self": 0.0011076000000045383,
            "children": {
                "TrainerController._reset_env": {
                    "total": 8.3550464,
                    "count": 1,
                    "self": 8.3550464
                },
                "TrainerController.advance": {
                    "total": 1.3534868999999947,
                    "count": 128,
                    "self": 0.0009322999999934467,
                    "children": {
                        "env_step": {
                            "total": 1.1203817999999952,
                            "count": 128,
                            "self": 0.5272086999999992,
                            "children": {
                                "SubprocessEnvManager._take_step": {
                                    "total": 0.5925360999999949,
                                    "count": 128,
                                    "self": 0.0036035999999981527,
                                    "children": {
                                        "TorchPolicy.evaluate": {
                                            "total": 0.5889324999999968,
                                            "count": 128,
                                            "self": 0.5889324999999968
                                        }
                                    }
                                },
                                "workers": {
                                    "total": 0.0006370000000011089,
                                    "count": 128,
                                    "self": 0.0,
                                    "children": {
                                        "worker_root": {
                                            "total": 1.8214231000000263,
                                            "count": 128,
                                            "is_parallel": true,
                                            "self": 1.3459305000000166,
                                            "children": {
                                                "steps_from_proto": {
                                                    "total": 0.00023490000000059297,
                                                    "count": 1,
                                                    "is_parallel": true,
                                                    "self": 6.420000000062487e-05,
                                                    "children": {
                                                        "_process_rank_one_or_two_observation": {
                                                            "total": 0.0001706999999999681,
                                                            "count": 4,
                                                            "is_parallel": true,
                                                            "self": 0.0001706999999999681
                                                        }
                                                    }
                                                },
                                                "UnityEnvironment.step": {
                                                    "total": 0.4752577000000091,
                                                    "count": 128,
                                                    "is_parallel": true,
                                                    "self": 0.005465800000013843,
                                                    "children": {
                                                        "UnityEnvironment._generate_step_input": {
                                                            "total": 0.00538119999999509,
                                                            "count": 128,
                                                            "is_parallel": true,
                                                            "self": 0.00538119999999509
                                                        },
                                                        "communicator.exchange": {
                                                            "total": 0.4500592000000072,
                                                            "count": 128,
                                                            "is_parallel": true,
                                                            "self": 0.4500592000000072
                                                        },
                                                        "steps_from_proto": {
                                                            "total": 0.014351499999992967,
                                                            "count": 128,
                                                            "is_parallel": true,
                                                            "self": 0.004790199999989753,
                                                            "children": {
                                                                "_process_rank_one_or_two_observation": {
                                                                    "total": 0.009561300000003214,
                                                                    "count": 512,
                                                                    "is_parallel": true,
                                                                    "self": 0.009561300000003214
                                                                }
                                                            }
                                                        }
                                                    }
                                                }
                                            }
                                        }
                                    }
                                }
                            }
                        },
                        "trainer_advance": {
                            "total": 0.23217280000000606,
                            "count": 128,
                            "self": 0.0009346999999824135,
                            "children": {
                                "process_trajectory": {
                                    "total": 0.015124600000024913,
                                    "count": 128,
                                    "self": 0.015124600000024913
                                },
                                "_update_policy": {
                                    "total": 0.21611349999999874,
                                    "count": 1,
                                    "self": 0.010518199999999922,
                                    "children": {
                                        "TorchPPOOptimizer.update": {
                                            "total": 0.20559529999999882,
                                            "count": 1,