{"count":1,"self":62.8771584,"total":126.4666505,"children":{"InitializeActuators":{"count":100,"self":0.00099669999999999989,"total":0.00099669999999999989,"children":null},"InitializeSensors":{"count":100,"self":0.00099669999999999989,"total":0.00099669999999999989,"children":null},"AgentSendState":{"count":7267,"self":2.5337566,"total":3.3909398,"children":{"CollectObservations":{"count":145400,"self":0.0793252,"total":0.0793252,"children":null},"WriteActionMask":{"count":145400,"self":0.0299104,"total":0.0299104,"children":null},"RequestDecision":{"count":145400,"self":0.15109219999999998,"total":0.74794759999999993,"children":{"AgentInfo.ToProto":{"count":145400,"self":0.0753522,"total":0.59685539999999992,"children":{"GenerateSensorData":{"count":145400,"self":0.3707774,"total":0.5215032,"children":{"RayPerceptionSensor.Perceive":{"count":145400,"self":0.1507258,"total":0.1507258,"children":null}}}}}}}}},"DecideAction":{"count":7267,"self":59.568921599999996,"total":59.5689229,"children":null},"AgentAct":{"count":7267,"self":0.5845355,"total":0.5845355,"children":null},"AgentInfo.ToProto":{"count":6174,"self":0.0142543,"total":0.0421024,"children":{"GenerateSensorData":{"count":6174,"self":0.0218715,"total":0.027848099999999997,"children":{"RayPerceptionSensor.Perceive":{"count":6174,"self":0.0059765999999999994,"total":0.0059765999999999994,"children":null}}}}}},"gauges":{"MoveToTargetAgent.CumulativeReward":{"count":6174,"max":15.9372454,"min":-18.61063,"runningAverage":-3.98296642,"value":-5.010004,"weightedAverage":-4.54105473}},"metadata":{"timer_format_version":"0.1.0","start_time_seconds":"1734510952","unity_version":"2021.3.45f1","command_line_arguments":"C:\\Program Files\\Unity\\Hub\\Editor\\2021.3.45f1\\Editor\\Unity.exe -projectpath C:\\Users\\Ansgar\\Desktop\\ML-Agents-Project-IA-2024\\Projet IA - 2D -useHub -hubIPC -cloudEnvironment production -licensingIpc LicenseClient-Ansgar -hubSessionId 2722c5bc-dc68-4bf9-9539-31e0a0cb6883 -accessToken 5s9b4GjYUNVvcemk4D5wgnw0QqAqBK3C9WTM3NUvlLw012f","communication_protocol_version":"1.5.0","com.unity.ml-agents_version":"2.0.1","scene_name":"ENSC","end_time_seconds":"1734511079"}}