{"count":1,"self":78.1206464,"total":327.6518819,"children":{"InitializeActuators":{"count":12,"self":0.0009999,"total":0.0009999,"children":null},"InitializeSensors":{"count":12,"self":0.00099969999999999985,"total":0.00099969999999999985,"children":null},"AgentSendState":{"count":166751,"self":6.5707472,"total":9.4870533,"children":{"CollectObservations":{"count":400212,"self":0.245473,"total":0.245473,"children":null},"WriteActionMask":{"count":400212,"self":0.088556299999999991,"total":0.088556299999999991,"children":null},"RequestDecision":{"count":400212,"self":0.4828805,"total":2.5822767,"children":{"AgentInfo.ToProto":{"count":400212,"self":0.3459738,"total":2.0993961999999997,"children":{"GenerateSensorData":{"count":400212,"self":1.2712828,"total":1.7534223999999998,"children":{"RayPerceptionSensor.Perceive":{"count":400212,"self":0.4821396,"total":0.4821396,"children":null}}}}}}}}},"DecideAction":{"count":166751,"self":238.19253759999998,"total":238.1925394,"children":null},"AgentAct":{"count":166751,"self":1.6200109,"total":1.6229320999999999,"children":{"AgentInfo.ToProto":{"count":202,"self":0,"total":0.0029211999999999997,"children":{"GenerateSensorData":{"count":202,"self":0.0019205,"total":0.0029211999999999997,"children":{"RayPerceptionSensor.Perceive":{"count":202,"self":0.0010007,"total":0.0010007,"children":null}}}}}}},"AgentInfo.ToProto":{"count":19926,"self":0.061023999999999995,"total":0.2257121,"children":{"GenerateSensorData":{"count":19926,"self":0.12772139999999998,"total":0.1646881,"children":{"RayPerceptionSensor.Perceive":{"count":19926,"self":0.0369667,"total":0.0369667,"children":null}}}}}},"gauges":{"MoveToTargetAgent.CumulativeReward":{"count":20128,"max":25.3763123,"min":-24.988615,"runningAverage":-3.808308,"value":-9.438652,"weightedAverage":-5.776215}},"metadata":{"timer_format_version":"0.1.0","start_time_seconds":"1736268080","unity_version":"2021.3.45f1","command_line_arguments":"C:\\Program Files\\Unity\\Hub\\Editor\\2021.3.45f1\\Editor\\Unity.exe -projectpath C:\\Users\\bichon\\Documents\\GitHub\\ML-Agents-Project-IA-2024\\Projet IA - 2D -useHub -hubIPC -cloudEnvironment production -licensingIpc LicenseClient-bichon -hubSessionId df9881ad-df71-46aa-a0bd-8cd6e4861064 -accessToken 9TNwJEZ7Kuo0mx4rABpLLPgOOr9Bgx9mc2m4K1MHmwM001f","communication_protocol_version":"1.5.0","com.unity.ml-agents_version":"2.0.1","scene_name":"ENSC","end_time_seconds":"1736268408"}}