{
    "name": "root",
    "gauges": {
        "MoveToTargetAgent.Policy.Entropy.mean": {
            "value": 1.1782492399215698,
            "min": 1.1782492399215698,
            "max": 1.1798980236053467,
            "count": 2
        },
        "MoveToTargetAgent.Policy.Entropy.sum": {
            "value": 1147.61474609375,
            "min": 1147.61474609375,
            "max": 1196.4166259765625,
            "count": 2
        },
        "MoveToTargetAgent.Environment.EpisodeLength.mean": {
            "value": 21.651162790697676,
            "min": 21.533333333333335,
            "max": 21.651162790697676,
            "count": 2
        },
        "MoveToTargetAgent.Environment.EpisodeLength.sum": {
            "value": 931.0,
            "min": 931.0,
            "max": 969.0,
            "count": 2
        },
        "MoveToTargetAgent.Step.mean": {
            "value": 401968.0,
            "min": 400994.0,
            "max": 401968.0,
            "count": 2
        },
        "MoveToTargetAgent.Step.sum": {
            "value": 401968.0,
            "min": 400994.0,
            "max": 401968.0,
            "count": 2
        },
        "MoveToTargetAgent.Policy.ExtrinsicValueEstimate.mean": {
            "value": -5.289544582366943,
            "min": -7.472233295440674,
            "max": -5.289544582366943,
            "count": 2
        },
        "MoveToTargetAgent.Policy.ExtrinsicValueEstimate.sum": {
            "value": -227.45042419433594,
            "min": -328.77825927734375,
            "max": -227.45042419433594,
            "count": 2
        },
        "MoveToTargetAgent.Environment.CumulativeReward.mean": {
            "value": -2.8408677813618683,
            "min": -2.8408677813618683,
            "max": -2.3976776555857877,
            "count": 2
        },
        "MoveToTargetAgent.Environment.CumulativeReward.sum": {
            "value": -122.15731459856033,
            "min": -122.15731459856033,
            "max": -105.49781684577465,
            "count": 2
        },
        "MoveToTargetAgent.Policy.ExtrinsicReward.mean": {
            "value": -2.8408677813618683,
            "min": -2.8408677813618683,
            "max": -2.3976776555857877,
            "count": 2
        },
        "MoveToTargetAgent.Policy.ExtrinsicReward.sum": {
            "value": -122.15731459856033,
            "min": -122.15731459856033,
            "max": -105.49781684577465,
            "count": 2
        },
        "MoveToTargetAgent.Losses.PolicyLoss.mean": {
            "value": 0.13711161054670812,
            "min": 0.1294187991510308,
            "max": 0.13711161054670812,
            "count": 2
        },
        "MoveToTargetAgent.Losses.PolicyLoss.sum": {
            "value": 0.13711161054670812,
            "min": 0.1294187991510308,
            "max": 0.13711161054670812,
            "count": 2
        },
        "MoveToTargetAgent.Losses.ValueLoss.mean": {
            "value": 25.351969679196674,
            "min": 25.351969679196674,
            "max": 46.46807010590084,
            "count": 2
        },
        "MoveToTargetAgent.Losses.ValueLoss.sum": {
            "value": 25.351969679196674,
            "min": 25.351969679196674,
            "max": 46.46807010590084,
            "count": 2
        },
        "MoveToTargetAgent.Policy.LearningRate.mean": {
            "value": 0.00027591978802673996,
            "min": 0.00027591978802673996,
            "max": 0.0002759586080137999,
            "count": 2
        },
        "MoveToTargetAgent.Policy.LearningRate.sum": {
            "value": 0.00027591978802673996,
            "min": 0.00027591978802673996,
            "max": 0.0002759586080137999,
            "count": 2
        },
        "MoveToTargetAgent.Policy.Epsilon.mean": {
            "value": 0.19197325999999995,
            "min": 0.19197325999999995,
            "max": 0.19198620000000005,
            "count": 2
        },
        "MoveToTargetAgent.Policy.Epsilon.sum": {
            "value": 0.19197325999999995,
            "min": 0.19197325999999995,
            "max": 0.19198620000000005,
            "count": 2
        },
        "MoveToTargetAgent.Policy.Beta.mean": {
            "value": 0.0045994656739999995,
            "min": 0.0045994656739999995,
            "max": 0.004600111379999999,
            "count": 2
        },
        "MoveToTargetAgent.Policy.Beta.sum": {
            "value": 0.0045994656739999995,
            "min": 0.0045994656739999995,
            "max": 0.004600111379999999,
            "count": 2
        },
        "MoveToTargetAgent.IsTraining.mean": {
            "value": 1.0,
            "min": 1.0,
            "max": 1.0,
            "count": 2
        },
        "MoveToTargetAgent.IsTraining.sum": {
            "value": 1.0,
            "min": 1.0,
            "max": 1.0,
            "count": 2
        }
    },
    "metadata": {
        "timer_format_version": "0.1.0",
        "start_time_seconds": "1737985852",
        "python_version": "3.9.13 (tags/v3.9.13:6de2ca5, May 17 2022, 16:36:42) [MSC v.1929 64 bit (AMD64)]",
        "command_line_arguments": "C:\\Users\\Ansgar\\Desktop\\ML-Agents-Project-IA-2024\\venv\\Scripts\\mlagents-learn trainer_config.yaml --torch-device cuda --run-id=10 --resume",
        "mlagents_version": "0.30.0",
        "mlagents_envs_version": "0.30.0",
        "communication_protocol_version": "1.5.0",
        "pytorch_version": "1.13.1+cu116",
        "numpy_version": "1.21.2",
        "end_time_seconds": "1737985889"
    },
    "total": 37.0334736,
    "count": 1,
    "self": 0.003181599999997786,
    "children": {
        "run_training.setup": {
            "total": 0.04025930000000011,
            "count": 1,
            "self": 0.04025930000000011
        },
        "TrainerController.start_learning": {
            "total": 36.9900327,
            "count": 1,
            "self": 0.029686399999974356,
            "children": {
                "TrainerController._reset_env": {
                    "total": 8.4825807,
                    "count": 1,
                    "self": 8.4825807
                },
                "TrainerController.advance": {
                    "total": 28.347966600000028,
                    "count": 2696,
                    "self": 0.027540700000020735,
                    "children": {
                        "env_step": {
                            "total": 26.337257400000038,
                            "count": 2696,
                            "self": 21.893274700000134,
                            "children": {
                                "SubprocessEnvManager._take_step": {
                                    "total": 4.425943500000008,
                                    "count": 2696,
                                    "self": 0.09618759999998261,
                                    "children": {
                                        "TorchPolicy.evaluate": {
                                            "total": 4.329755900000025,
                                            "count": 2604,
                                            "self": 4.329755900000025
                                        }
                                    }
                                },
                                "workers": {
                                    "total": 0.018039199999895672,
                                    "count": 2695,
                                    "self": 0.0,
                                    "children": {
                                        "worker_root": {
                                            "total": 12.539593799999903,
                                            "count": 2695,
                                            "is_parallel": true,
                                            "self": 8.615710299999801,