{
    "name": "root",
    "gauges": {
        "MoveToTargetAgent.Policy.Entropy.mean": {
            "value": 1.1007479429244995,
            "min": 1.0373066663742065,
            "max": 1.4428520202636719,
            "count": 1352
        },
        "MoveToTargetAgent.Policy.Entropy.sum": {
            "value": 1083.135986328125,
            "min": 884.5337524414062,
            "max": 1941.496337890625,
            "count": 1352
        },
        "MoveToTargetAgent.Environment.EpisodeLength.mean": {
            "value": 29.3125,
            "min": 6.291970802919708,
            "max": 76.72727272727273,
            "count": 1352
        },
        "MoveToTargetAgent.Environment.EpisodeLength.sum": {
            "value": 938.0,
            "min": 710.0,
            "max": 1254.0,
            "count": 1352
        },
        "MoveToTargetAgent.Step.mean": {
            "value": 1351967.0,
            "min": 993.0,
            "max": 1351967.0,
            "count": 1352
        },
        "MoveToTargetAgent.Step.sum": {
            "value": 1351967.0,
            "min": 993.0,
            "max": 1351967.0,
            "count": 1352
        },
        "MoveToTargetAgent.Policy.ExtrinsicValueEstimate.mean": {
            "value": 1.6553280353546143,
            "min": -4.133954048156738,
            "max": 7.455491065979004,
            "count": 1352
        },
        "MoveToTargetAgent.Policy.ExtrinsicValueEstimate.sum": {
            "value": 52.970497131347656,
            "min": -477.3018493652344,
            "max": 156.5653076171875,
            "count": 1352
        },
        "MoveToTargetAgent.Environment.CumulativeReward.mean": {
            "value": 1.5675367750227451,
            "min": -7.335478947712825,
            "max": 2.184428991809968,
            "count": 1352
        },
        "MoveToTargetAgent.Environment.CumulativeReward.sum": {
            "value": 50.161176800727844,
            "min": -533.3222723007202,
            "max": 67.71729874610901,
            "count": 1352
        },
        "MoveToTargetAgent.Policy.ExtrinsicReward.mean": {
            "value": 1.5675367750227451,
            "min": -7.335478947712825,
            "max": 2.184428991809968,
            "count": 1352
        },
        "MoveToTargetAgent.Policy.ExtrinsicReward.sum": {
            "value": 50.161176800727844,
            "min": -533.3222723007202,
            "max": 67.71729874610901,
            "count": 1352
        },
        "MoveToTargetAgent.Losses.PolicyLoss.mean": {
            "value": 0.10541383298113942,
            "min": 0.10178025017958134,
            "max": 0.17583641347785792,
            "count": 1352
        },
        "MoveToTargetAgent.Losses.PolicyLoss.sum": {
            "value": 0.10541383298113942,
            "min": 0.10178025017958134,
            "max": 0.3326607623758415,
            "count": 1352
        },
        "MoveToTargetAgent.Losses.ValueLoss.mean": {
            "value": 0.49452764093875884,
            "min": 0.07712856118404676,
            "max": 8.832881224155425,
            "count": 1352
        },
        "MoveToTargetAgent.Losses.ValueLoss.sum": {
            "value": 0.49452764093875884,
            "min": 0.07712856118404676,
            "max": 8.832881224155425,
            "count": 1352
        },
        "MoveToTargetAgent.Policy.LearningRate.mean": {
            "value": 0.00021890918703027995,
            "min": 0.00021890918703027995,
            "max": 0.00029995998001334004,
            "count": 1352
        },
        "MoveToTargetAgent.Policy.LearningRate.sum": {
            "value": 0.00021890918703027995,
            "min": 0.00021890918703027995,
            "max": 0.0005997201600932801,
            "count": 1352
        },
        "MoveToTargetAgent.Policy.Epsilon.mean": {
            "value": 0.17296971999999994,
            "min": 0.17296971999999994,
            "max": 0.19998666000000004,
            "count": 1352
        },
        "MoveToTargetAgent.Policy.Epsilon.sum": {
            "value": 0.17296971999999994,
            "min": 0.17296971999999994,
            "max": 0.3999067199999999,
            "count": 1352
        },
        "MoveToTargetAgent.Policy.Beta.mean": {
            "value": 0.0036511890279999995,
            "min": 0.0036511890279999995,
            "max": 0.004999334334000002,
            "count": 1352
        },
        "MoveToTargetAgent.Policy.Beta.sum": {
            "value": 0.0036511890279999995,
            "min": 0.0036511890279999995,
            "max": 0.009995345328,
            "count": 1352
        },
        "MoveToTargetAgent.IsTraining.mean": {
            "value": 1.0,
            "min": 1.0,
            "max": 1.0,
            "count": 1352
        },
        "MoveToTargetAgent.IsTraining.sum": {
            "value": 1.0,
            "min": 1.0,
            "max": 1.0,
            "count": 1352
        }
    },
    "metadata": {
        "timer_format_version": "0.1.0",
        "start_time_seconds": "1736347197",
        "python_version": "3.9.13 (tags/v3.9.13:6de2ca5, May 17 2022, 16:36:42) [MSC v.1929 64 bit (AMD64)]",
        "command_line_arguments": "C:\\Users\\bichon\\Documents\\GitHub\\ML-Agents-Project-IA-2024\\venv\\Scripts\\mlagents-learn trainer_config.yaml --run-id=16 --force",
        "mlagents_version": "0.30.0",
        "mlagents_envs_version": "0.30.0",
        "communication_protocol_version": "1.5.0",
        "pytorch_version": "2.5.1+cpu",
        "numpy_version": "1.21.2",
        "end_time_seconds": "1736348329"
    },
    "total": 1131.8120177,
    "count": 1,
    "self": 0.0024657000001298,
    "children": {
        "run_training.setup": {
            "total": 0.04189789999999993,
            "count": 1,
            "self": 0.04189789999999993
        },
        "TrainerController.start_learning": {
            "total": 1131.7676540999998,
            "count": 1,
            "self": 1.486166100005903,
            "children": {
                "TrainerController._reset_env": {
                    "total": 10.7552214,
                    "count": 1,
                    "self": 10.7552214
                },
                "TrainerController.advance": {
                    "total": 1119.4842342999941,
                    "count": 156059,
                    "self": 1.2746314999594688,
                    "children": {
                        "env_step": {
                            "total": 668.4006801000041,
                            "count": 156059,
                            "self": 613.1317289000189,
                            "children": {
                                "SubprocessEnvManager._take_step": {
                                    "total": 54.38636049998841,
                                    "count": 156059,
                                    "self": 3.9396269999825932,
                                    "children": {
                                        "TorchPolicy.evaluate": {
                                            "total": 50.44673350000582,
                                            "count": 112687,
                                            "self": 50.44673350000582
                                        }
                                    }
                                },
                                "workers": {
                                    "total": 0.8825906999968947,
                                    "count": 156058,
                                    "self": 0.0,
                                    "children": {
                                        "worker_root": {
                                            "total": 1115.7024946999916,
                                            "count": 156058,
                                            "is_parallel": true,
                                            "self": 587.7260658999936,