{
    "name": "root",
    "gauges": {
        "MoveToTargetAgent.Policy.Entropy.mean": {
            "value": 0.9803950786590576,
            "min": 0.9759674668312073,
            "max": 0.9803950786590576,
            "count": 6
        },
        "MoveToTargetAgent.Policy.Entropy.sum": {
            "value": 958.826416015625,
            "min": 681.9124755859375,
            "max": 1002.55517578125,
            "count": 6
        },
        "MoveToTargetAgent.Step.mean": {
            "value": 2065968.0,
            "min": 2060969.0,
            "max": 2065968.0,
            "count": 6
        },
        "MoveToTargetAgent.Step.sum": {
            "value": 2065968.0,
            "min": 2060969.0,
            "max": 2065968.0,
            "count": 6
        },
        "MoveToTargetAgent.Policy.ExtrinsicValueEstimate.mean": {
            "value": -2.948852300643921,
            "min": -3.9032344818115234,
            "max": -2.5843753814697266,
            "count": 6
        },
        "MoveToTargetAgent.Policy.ExtrinsicValueEstimate.sum": {
            "value": -50.130489349365234,
            "min": -52.544254302978516,
            "max": -43.79823684692383,
            "count": 6
        },
        "MoveToTargetAgent.Environment.EpisodeLength.mean": {
            "value": 261.0,
            "min": 141.25,
            "max": 377.0,
            "count": 6
        },
        "MoveToTargetAgent.Environment.EpisodeLength.sum": {
            "value": 783.0,
            "min": 565.0,
            "max": 1146.0,
            "count": 6
        },
        "MoveToTargetAgent.Environment.CumulativeReward.mean": {
            "value": -12.191643039385477,
            "min": -15.285000185171763,
            "max": -9.406005084514618,
            "count": 6
        },
        "MoveToTargetAgent.Environment.CumulativeReward.sum": {
            "value": -36.57492911815643,
            "min": -66.94198215007782,
            "max": -28.440711975097656,
            "count": 6
        },
        "MoveToTargetAgent.Policy.ExtrinsicReward.mean": {
            "value": -12.191643039385477,
            "min": -15.285000185171763,
            "max": -9.406005084514618,
            "count": 6
        },
        "MoveToTargetAgent.Policy.ExtrinsicReward.sum": {
            "value": -36.57492911815643,
            "min": -66.94198215007782,
            "max": -28.440711975097656,
            "count": 6
        },
        "MoveToTargetAgent.IsTraining.mean": {
            "value": 1.0,
            "min": 1.0,
            "max": 1.0,
            "count": 6
        },
        "MoveToTargetAgent.IsTraining.sum": {
            "value": 1.0,
            "min": 1.0,
            "max": 1.0,
            "count": 6
        },
        "MoveToTargetAgent.Losses.PolicyLoss.mean": {
            "value": 0.1487436820721505,
            "min": 0.09088966519468361,
            "max": 0.1487436820721505,
            "count": 5
        },
        "MoveToTargetAgent.Losses.PolicyLoss.sum": {
            "value": 0.297487364144301,
            "min": 0.09088966519468361,
            "max": 0.297487364144301,
            "count": 5
        },
        "MoveToTargetAgent.Losses.ValueLoss.mean": {
            "value": 0.06671920621856336,
            "min": 0.05240050846866022,
            "max": 0.06698866158332084,
            "count": 5
        },
        "MoveToTargetAgent.Losses.ValueLoss.sum": {
            "value": 0.13343841243712673,
            "min": 0.05679521601765402,
            "max": 0.13397732316664168,
            "count": 5
        },
        "MoveToTargetAgent.Policy.LearningRate.mean": {
            "value": 0.00017607706130765997,
            "min": 0.00017607706130765997,
            "max": 0.00017631868122712003,
            "count": 5
        },
        "MoveToTargetAgent.Policy.LearningRate.sum": {
            "value": 0.00035215412261531995,
            "min": 0.00017613874128710006,
            "max": 0.00035263736245424006,
            "count": 5
        },
        "MoveToTargetAgent.Policy.Epsilon.mean": {
            "value": 0.1586923400000001,
            "min": 0.1586923400000001,
            "max": 0.15877288000000006,
            "count": 5
        },
        "MoveToTargetAgent.Policy.Epsilon.sum": {
            "value": 0.3173846800000002,
            "min": 0.15871289999999993,
            "max": 0.3175457600000001,
            "count": 5
        },
        "MoveToTargetAgent.Policy.Beta.mean": {
            "value": 0.0029387477660000006,
            "min": 0.0029387477660000006,
            "max": 0.002942766712,
            "count": 5
        },
        "MoveToTargetAgent.Policy.Beta.sum": {
            "value": 0.005877495532000001,
            "min": 0.002939773710000001,
            "max": 0.005885533424,
            "count": 5
        }
    },
    "metadata": {
        "timer_format_version": "0.1.0",
        "start_time_seconds": "1737986912",
        "python_version": "3.9.13 (tags/v3.9.13:6de2ca5, May 17 2022, 16:36:42) [MSC v.1929 64 bit (AMD64)]",
        "command_line_arguments": "C:\\Users\\Ansgar\\Desktop\\ML-Agents-Project-IA-2024\\venv\\Scripts\\mlagents-learn trainer_config.yaml --torch-device cuda --run-id=16 --resume",
        "mlagents_version": "0.30.0",
        "mlagents_envs_version": "0.30.0",
        "communication_protocol_version": "1.5.0",
        "pytorch_version": "1.13.1+cu116",
        "numpy_version": "1.21.2",
        "end_time_seconds": "1737987007"
    },
    "total": 95.2966876,
    "count": 1,
    "self": 0.004259300000001076,
    "children": {
        "run_training.setup": {
            "total": 0.05040959999999983,
            "count": 1,
            "self": 0.05040959999999983
        },
        "TrainerController.start_learning": {
            "total": 95.2420187,
            "count": 1,
            "self": 0.06082489999998586,
            "children": {
                "TrainerController._reset_env": {
                    "total": 5.9705194,
                    "count": 1,
                    "self": 5.9705194
                },
                "TrainerController.advance": {
                    "total": 88.91108080000002,
                    "count": 5929,
                    "self": 0.0614459999999184,
                    "children": {
                        "env_step": {
                            "total": 83.25810110000008,
                            "count": 5929,
                            "self": 72.20799660000014,
                            "children": {
                                "SubprocessEnvManager._take_step": {
                                    "total": 11.011252399999908,
                                    "count": 5929,
                                    "self": 0.21300030000001513,
                                    "children": {
                                        "TorchPolicy.evaluate": {
                                            "total": 10.798252099999893,
                                            "count": 5911,
                                            "self": 10.798252099999893
                                        }
                                    }
                                },
                                "workers": {
                                    "total": 0.038852100000028145,
                                    "count": 5928,
                                    "self": 0.0,
                                    "children": {
                                        "worker_root": {
                                            "total": 28.564073599999993,
                                            "count": 5928,
                                            "is_parallel": true,
                                            "self": 20.33404610000006,