{
    "name": "root",
    "metadata": {
        "timer_format_version": "0.1.0",
        "start_time_seconds": "1731083912",
        "python_version": "3.9.13 (tags/v3.9.13:6de2ca5, May 17 2022, 16:36:42) [MSC v.1929 64 bit (AMD64)]",
        "command_line_arguments": "C:\\Users\\Ansgar\\Desktop\\Projet_IA_v2\\venv\\Scripts\\mlagents-learn --run-id=Test3",
        "mlagents_version": "0.30.0",
        "mlagents_envs_version": "0.30.0",
        "communication_protocol_version": "1.5.0",
        "pytorch_version": "2.5.1+cpu",
        "numpy_version": "1.21.2",
        "end_time_seconds": "1731084001"
    },
    "total": 88.69284619999999,
    "count": 1,
    "self": 10.03154649999999,
    "children": {
        "run_training.setup": {
            "total": 0.011042500000000066,
            "count": 1,
            "self": 0.011042500000000066
        },
        "TrainerController.start_learning": {
            "total": 78.6502572,
            "count": 1,
            "self": 0.13008699999979,
            "children": {
                "TrainerController._reset_env": {
                    "total": 7.1194125,
                    "count": 1,
                    "self": 7.1194125
                },
                "TrainerController.advance": {
                    "total": 71.31448480000022,
                    "count": 13900,
                    "self": 0.12448149999997327,
                    "children": {
                        "env_step": {
                            "total": 66.88829580000049,
                            "count": 13900,
                            "self": 60.63716250000095,
                            "children": {
                                "SubprocessEnvManager._take_step": {
                                    "total": 6.169368499999795,
                                    "count": 13901,
                                    "self": 0.42896999999981666,
                                    "children": {
                                        "TorchPolicy.evaluate": {
                                            "total": 5.740398499999978,
                                            "count": 13751,
                                            "self": 5.740398499999978
                                        }
                                    }
                                },
                                "workers": {
                                    "total": 0.08176479999974795,
                                    "count": 13899,
                                    "self": 0.0,
                                    "children": {
                                        "worker_root": {
                                            "total": 31.59025629999974,
                                            "count": 13899,
                                            "is_parallel": true,
                                            "self": 17.152189100000047,
                                            "children": {
                                                "steps_from_proto": {
                                                    "total": 0.0004139000000025206,
                                                    "count": 2,
                                                    "is_parallel": true,
                                                    "self": 0.00011549999999704852,
                                                    "children": {
                                                        "_process_rank_one_or_two_observation": {
                                                            "total": 0.00029840000000547207,
                                                            "count": 4,
                                                            "is_parallel": true,
                                                            "self": 0.00029840000000547207
                                                        }
                                                    }
                                                },
                                                "UnityEnvironment.step": {
                                                    "total": 14.437653299999692,
                                                    "count": 13899,
                                                    "is_parallel": true,
                                                    "self": 0.49958839999938576,
                                                    "children": {
                                                        "UnityEnvironment._generate_step_input": {
                                                            "total": 0.5208328000000231,
                                                            "count": 13899,
                                                            "is_parallel": true,
                                                            "self": 0.5208328000000231
                                                        },
                                                        "communicator.exchange": {
                                                            "total": 12.089860600000273,
                                                            "count": 13899,
                                                            "is_parallel": true,
                                                            "self": 12.089860600000273
                                                        },
                                                        "steps_from_proto": {
                                                            "total": 1.3273715000000097,
                                                            "count": 13899,
                                                            "is_parallel": true,
                                                            "self": 0.7577435000001822,
                                                            "children": {
                                                                "_process_rank_one_or_two_observation": {
                                                                    "total": 0.5696279999998275,
                                                                    "count": 27798,
                                                                    "is_parallel": true,
                                                                    "self": 0.5696279999998275
                                                                }
                                                            }
                                                        }
                                                    }
                                                }
                                            }
                                        }
                                    }
                                }
                            }
                        },
                        "trainer_advance": {
                            "total": 4.301707499999756,
                            "count": 13899,
                            "self": 0.13492350000020892,
                            "children": {
                                "process_trajectory": {
                                    "total": 1.1044796999995494,
                                    "count": 13899,
                                    "self": 1.1044796999995494
                                },
                                "_update_policy": {
                                    "total": 3.0623042999999974,
                                    "count": 2,
                                    "self": 2.520542599999974,
                                    "children": {
                                        "TorchPPOOptimizer.update": {
                                            "total": 0.5417617000000234,
                                            "count": 60,