{
    "name": "root",
    "gauges": {
        "MoveToTarget.Policy.Entropy.mean": {
            "value": 1.4180811643600464,
            "min": 1.4180811643600464,
            "max": 1.4203815460205078,
            "count": 2
        },
        "MoveToTarget.Policy.Entropy.sum": {
            "value": 71062.8828125,
            "min": 71062.8828125,
            "max": 71369.9140625,
            "count": 2
        },
        "MoveToTarget.Environment.EpisodeLength.mean": {
            "value": 57.09101251422071,
            "min": 57.09101251422071,
            "max": 134.30939226519337,
            "count": 2
        },
        "MoveToTarget.Environment.EpisodeLength.sum": {
            "value": 50183.0,
            "min": 48620.0,
            "max": 50183.0,
            "count": 2
        },
        "MoveToTarget.Step.mean": {
            "value": 99965.0,
            "min": 49987.0,
            "max": 99965.0,
            "count": 2
        },
        "MoveToTarget.Step.sum": {
            "value": 99965.0,
            "min": 49987.0,
            "max": 99965.0,
            "count": 2
        },
        "MoveToTarget.Policy.ExtrinsicValueEstimate.mean": {
            "value": 3.918937921524048,
            "min": 0.2206609845161438,
            "max": 3.918937921524048,
            "count": 2
        },
        "MoveToTarget.Policy.ExtrinsicValueEstimate.sum": {
            "value": 4612.58984375,
            "min": 216.4684295654297,
            "max": 4612.58984375,
            "count": 2
        },
        "MoveToTarget.Environment.CumulativeReward.mean": {
            "value": 9.535307517084282,
            "min": -0.23822714681440443,
            "max": 9.535307517084282,
            "count": 2
        },
        "MoveToTarget.Environment.CumulativeReward.sum": {
            "value": 8372.0,
            "min": -86.0,
            "max": 8372.0,
            "count": 2
        },
        "MoveToTarget.Policy.ExtrinsicReward.mean": {
            "value": 9.535307517084282,
            "min": -0.23822714681440443,
            "max": 9.535307517084282,
            "count": 2
        },
        "MoveToTarget.Policy.ExtrinsicReward.sum": {
            "value": 8372.0,
            "min": -86.0,
            "max": 8372.0,
            "count": 2
        },
        "MoveToTarget.Losses.PolicyLoss.mean": {
            "value": 0.021226414473882564,
            "min": 0.021226414473882564,
            "max": 0.022681789242778902,
            "count": 2
        },
        "MoveToTarget.Losses.PolicyLoss.sum": {
            "value": 0.10613207236941283,
            "min": 0.09072715697111561,
            "max": 0.10613207236941283,
            "count": 2
        },
        "MoveToTarget.Losses.ValueLoss.mean": {
            "value": 2.1749363001187643,
            "min": 0.4657955820982655,
            "max": 2.1749363001187643,
            "count": 2
        },
        "MoveToTarget.Losses.ValueLoss.sum": {
            "value": 10.874681500593821,
            "min": 1.863182328393062,
            "max": 10.874681500593821,
            "count": 2
        },
        "MoveToTarget.Policy.LearningRate.mean": {
            "value": 0.00025683997438668,
            "min": 0.00025683997438668,
            "max": 0.00028460010513329994,
            "count": 2
        },
        "MoveToTarget.Policy.LearningRate.sum": {
            "value": 0.0012841998719333998,
            "min": 0.0011384004205331998,
            "max": 0.0012841998719333998,
            "count": 2
        },
        "MoveToTarget.Policy.Epsilon.mean": {
            "value": 0.18561332,
            "min": 0.18561332,
            "max": 0.1948667,
            "count": 2
        },
        "MoveToTarget.Policy.Epsilon.sum": {
            "value": 0.9280666,
            "min": 0.7794668,
            "max": 0.9280666,
            "count": 2
        },
        "MoveToTarget.Policy.Beta.mean": {
            "value": 0.004282104667999999,
            "min": 0.004282104667999999,
            "max": 0.00474384833,
            "count": 2
        },
        "MoveToTarget.Policy.Beta.sum": {
            "value": 0.021410523339999994,
            "min": 0.01897539332,
            "max": 0.021410523339999994,
            "count": 2
        },
        "MoveToTarget.IsTraining.mean": {
            "value": 1.0,
            "min": 1.0,
            "max": 1.0,
            "count": 2
        },
        "MoveToTarget.IsTraining.sum": {
            "value": 1.0,
            "min": 1.0,
            "max": 1.0,
            "count": 2
        }
    },
    "metadata": {
        "timer_format_version": "0.1.0",
        "start_time_seconds": "1731084872",
        "python_version": "3.9.13 (tags/v3.9.13:6de2ca5, May 17 2022, 16:36:42) [MSC v.1929 64 bit (AMD64)]",
        "command_line_arguments": "C:\\Users\\Ansgar\\Desktop\\Projet_IA_v2\\venv\\Scripts\\mlagents-learn --run-id=Test6",
        "mlagents_version": "0.30.0",
        "mlagents_envs_version": "0.30.0",
        "communication_protocol_version": "1.5.0",
        "pytorch_version": "2.5.1+cpu",
        "numpy_version": "1.21.2",
        "end_time_seconds": "1731084993"
    },
    "total": 121.8328633,
    "count": 1,
    "self": 10.005142400000011,
    "children": {
        "run_training.setup": {
            "total": 0.011849299999999952,
            "count": 1,
            "self": 0.011849299999999952
        },
        "TrainerController.start_learning": {
            "total": 111.8158716,
            "count": 1,
            "self": 0.1478787999997735,
            "children": {
                "TrainerController._reset_env": {
                    "total": 9.4945646,
                    "count": 1,
                    "self": 9.4945646
                },
                "TrainerController.advance": {
                    "total": 102.10058900000021,
                    "count": 12087,
                    "self": 0.13877350000095134,
                    "children": {
                        "env_step": {
                            "total": 83.43964839999933,
                            "count": 12087,
                            "self": 76.68489129999986,
                            "children": {
                                "SubprocessEnvManager._take_step": {
                                    "total": 6.666256899999688,
                                    "count": 12088,
                                    "self": 0.4238362999988734,
                                    "children": {
                                        "TorchPolicy.evaluate": {
                                            "total": 6.2424206000008144,
                                            "count": 11155,
                                            "self": 6.2424206000008144
                                        }
                                    }
                                },
                                "workers": {
                                    "total": 0.0885001999997801,
                                    "count": 12086,
                                    "self": 0.0,
                                    "children": {
                                        "worker_root": {
                                            "total": 97.80223320000013,
                                            "count": 12086,
                                            "is_parallel": true,
                                            "self": 33.76030310000003,
                                            "children": {
                                                "steps_from_proto": {
                                                    "total": 0.0005183999999998079,
                                                    "count": 2,
                                                    "is_parallel": true,
                                                    "self": 0.00015979999999959915,